symbol,coin,data_start,data_end,return_1d_pct,return_3d_pct,return_7d_pct,return_14d_pct,return_30d_pct,range_3d_pct,range_7d_pct,range_14d_pct,quote_volume_7d_avg,quote_volume_14d_avg,volume_ratio_7d,volume_ratio_14d,hot_score,hot_reasons,is_hot,direction,threshold,regime,tp_pct,sl_pct,time_stop_min,base_7d_return_pct,base_7d_trades,base_7d_pf,base_7d_dd_pct,strict_7d_return_pct,strict_7d_trades,strict_7d_pf,strict_7d_dd_pct,taker_7d_return_pct,taker_7d_trades,taker_7d_pf,taker_7d_dd_pct,base_14d_return_pct,strict_14d_return_pct,taker_14d_return_pct,base_30d_return_pct,strict_30d_return_pct,taker_30d_return_pct,decision
UBUSDT,UB,2026-03-20T00:00:00+00:00,2026-05-03T23:59:59.999000+00:00,-22.27375115940109,71.09523115064896,137.97160243407708,179.73295183595616,384.7933884297521,183.08171206225677,301.94475138121544,372.2929109322253,241732006.92098972,146338107.51342115,13.746325700218856,20.398575071860197,100.0,3d move;7d move;3d range;7d range;volume spike,True,long,50,wide,0.01,0.04,90,17.016370692974437,37,2.0869170536070105,5.260330754575785,32.328568207673804,53,2.637311912081392,4.2287365289844825,14.403848482978399,37,1.908878498346371,5.393969854252236,12.806534789068413,27.24640031483332,9.36422113587252,76.48420937284088,73.13520136985461,49.883024021904745,ready
GUAUSDT,GUA,2026-03-20T00:00:00+00:00,2026-05-03T23:59:59.999000+00:00,-3.4233814625058145,-4.137771613499764,0.9862413247290869,5.844818785094441,64.59288364985814,53.46287992027905,56.66832752034547,57.78109948513537,13232713.473128527,12735123.132595045,1.1809663467589524,1.2528462979100743,55.551184392920575,3d range;7d range,True,long,50,wide,0.012,0.04,120,36.761001031017,102,1.6286107204802684,9.027376879394613,34.5464388109751,102,1.5451618405011913,9.807618169045822,26.688853927569323,101,1.455217667444382,9.528478673327356,48.071884582571386,44.09822374958598,35.020851433196796,96.7941682562921,70.80304452813347,68.75379040534375,ready
IRYSUSDT,IRYS,2026-03-20T00:00:00+00:00,2026-05-03T23:59:59.999000+00:00,-8.284023668639062,10.241820768136556,10.556348074179756,29.642020742723307,76.9406392694064,32.336719883889685,42.42424242424243,52.935256625293526,6045016.624679985,7502541.891382151,0.9776802906694817,1.4483738753873148,55.87659732784469,3d range,True,long,50,wide,0.012,0.04,90,20.408837244036793,71,1.5105360370142076,5.930730920435213,23.685307774239696,71,1.6161223839917631,5.306839897205589,14.859393372371809,71,1.364750759879184,6.853654154747278,38.69128578360386,43.950121592197775,28.56170141169967,54.14251796804312,63.27885051617332,19.706355789375785,ready
RAVEUSDT,RAVE,2026-03-20T00:00:00+00:00,2026-05-03T23:59:59.999000+00:00,-5.679758308157112,-12.081103914390322,-31.53508771929825,-2.122456657365901,143.69682304269764,22.437745740498016,52.41972477064218,492.93675364882796,75442598.86288448,450474132.058178,0.07117971024236813,0.5188236968558289,66.45395453770855,3d move;7d move;7d range,True,short,50,wide,0.012,0.04,180,36.66763975712739,85,1.6706458049465727,8.592350583149083,48.68767631822386,87,1.9486905219266069,7.309337088613097,24.566221738493745,83,1.4244729237912865,14.692412042249096,45.23897209649832,66.57724655548975,30.88528600427296,38.048843439544264,57.13627311860306,23.851870140204223,ready
FIGHTUSDT,FIGHT,2026-03-20T00:00:00+00:00,2026-05-03T23:59:59.999000+00:00,-0.6379234491860841,16.658057851239683,12.981490745372692,51.52633344515263,86.42179116797362,34.260462698206396,46.98349459305635,74.8476641841571,6305666.78454256,7542870.559064916,0.9554457546012006,1.4714886199504766,69.94179101639243,3d move;3d range;7d range,True,long,50,wide,0.012,0.04,120,38.64624412967619,88,1.6461544836271005,7.915248633600013,32.767829619195595,82,1.571974738991499,7.9152486336000125,31.28426285893906,88,1.5259208786488943,8.027282011790764,47.757472668257805,37.12574189598161,35.2426069683976,74.05649602481115,56.04433282669466,42.24038724956942,ready
B2USDT,B2,2026-03-20T00:00:00+00:00,2026-05-03T23:59:59.999000+00:00,-0.32180209171359664,13.628026412325767,-3.983261004339733,-2.3178807947019764,-12.027833001988075,40.05649717514124,72.87308228730822,72.87308228730822,10009131.274885748,5382127.315600014,9.055298509622467,4.4221695578321265,77.3199347980243,3d move;3d range;7d range;volume spike,True,long,50,wide,0.01,0.04,90,34.0777605598394,94,1.8086754893919483,6.667642934692024,32.87897543761786,87,1.9282619886482328,6.510702712970348,24.510626617123666,94,1.5564272953600466,8.211856582627027,41.60081214859481,37.24333035591953,29.98108496062921,46.53675642641852,54.45184289859417,30.8659322624234,ready
ZEREBROUSDT,ZEREBRO,2026-03-20T00:00:00+00:00,2026-05-03T23:59:59.999000+00:00,-2.148272957034536,-0.1484897034113586,71.51966706940529,99.52369797766845,264.47011838539436,73.4599763073278,177.43267018541076,237.85743716522458,82162626.20321433,47778893.367845796,13.278007037701594,14.334488555154644,100.0,7d move;3d range;7d range;volume spike,True,long,50,wide,0.01,0.04,90,40.34772065539431,58,3.4595410211642315,4.039200000000003,37.74861716570464,57,3.098538104436153,4.660992957141388,30.87273520352365,56,2.719681714693936,4.097592320000007,52.33522384734008,45.19029996791413,40.27383468464674,60.17584443433579,52.81660594095505,48.55301316825964,ready
BLUAIUSDT,BLUAI,2026-03-20T00:00:00+00:00,2026-05-03T23:59:59.999000+00:00,6.330025608194623,-4.051126516464465,17.045454545454565,51.52240848443379,97.51746692433476,25.942156003505712,35.56603773584905,69.05882352941177,6844173.952062293,7009107.31919871,0.7441644300367485,0.43246460454676766,56.78703571177009,3d range,True,long,50,wide,0.012,0.04,90,16.379776996660578,48,1.6951717594885618,5.466474891888535,21.17616853383857,48,1.9505729307499589,6.089900828019026,13.978244903930982,49,1.573156046996922,5.731989957125766,18.07717254329941,34.83037789624388,14.29840123631514,25.41750607604767,51.65312963482182,15.066500026276763,ready
SPORTFUNUSDT,SPORTFUN,2026-03-20T00:00:00+00:00,2026-05-03T23:59:59.999000+00:00,9.726510807234234,9.678130511463866,5.9412265758092,50.075414781297155,52.23378212974297,21.194241208402186,21.902289355676196,57.373061720887804,2623032.9911871394,3725258.8941435628,1.193141129575267,2.8576326791264877,73.91400585773988,volume spike,True,long,50,base,0.012,0.04,120,4.332156373249574,20,1.5491760576680236,4.8722839831986295,10.065638593565641,21,3.791049853363615,2.257736898315365,2.8613446284085464,20,1.344696817655698,5.3668335554231135,8.560767708016348,15.561963769590204,4.032929540276697,49.02346217447126,44.71282523215474,34.96857688961743,ready
FHEUSDT,FHE,2026-03-20T00:00:00+00:00,2026-05-03T23:59:59.999000+00:00,-3.4381551362683505,30.852272727272712,27.027027027027017,34.36406067677946,27.802441731409534,56.59942363112391,58.05700988947062,62.208955223880594,9602334.665762877,6033719.878126428,2.3419792015076393,1.2862691343186266,98.10375041809166,3d move;7d move;3d range;7d range;volume spike,True,long,50,wide,0.01,0.04,90,18.256010105711653,54,1.9105003739611661,4.975117825150189,17.463608687328858,52,1.8309863014798144,7.915248633600022,10.459018731629843,54,1.4510553640697903,8.517246363328546,15.675078466934478,18.30950456783298,4.068604211765825,35.10191490167085,43.310540255774875,13.384353448400631,ready
ALCHUSDT,ALCH,2026-03-20T00:00:00+00:00,2026-05-03T23:59:59.999000+00:00,8.815078726583137,18.929782690616758,20.45801526717557,32.27158424140821,46.95017848828185,29.387702927265778,36.15819209039548,43.04691916336913,2331476.5762557173,1837042.9984457118,0.683478165718887,0.5134116151064403,53.03325019429285,3d move;7d move;3d range,True,long,50,wide,0.012,0.04,90,15.184929717859742,43,1.7868646270360387,5.082863824281693,18.13121038968335,36,2.3576973111005883,2.5142874721591877,12.060069647456718,39,1.6777760529337784,5.3482668984592765,31.30317931602975,39.28171805533665,25.138627842359096,37.65340926603351,40.63671198046743,28.233368256253932,ready
ZENUSDT,ZEN,2026-03-20T00:00:00+00:00,2026-05-03T23:59:59.999000+00:00,14.07884151246983,21.884132714457614,16.077275703994776,22.834372834372818,37.29666924864448,26.687598116169543,32.03053990183602,32.03053990183602,16043267.958285743,14279783.099542866,1.1320198092968787,1.0381638408468705,60.554813408285725,3d move;3d range,True,long,50,wide,0.012,0.04,120,13.294734723497914,17,4.475186534697414,3.4692371377882973,13.521653414058399,17,4.580820807871399,3.4209376065915937,12.057565444973806,17,4.0564307351573445,3.5471560117308245,14.226357170847614,15.40151740961857,12.55048569624746,26.623196548720717,33.79436999437995,22.93243539943173,ready
TRADOORUSDT,TRADOOR,2026-03-20T00:00:00+00:00,2026-05-03T23:59:59.999000+00:00,13.032413608357874,14.70708169090662,3.800738007380078,-87.7943303442291,-73.45391632588864,28.622117090479016,30.827067669172912,1448.8721804511279,27031064.796828542,65862571.53555721,0.44687240450339016,1.6677330547489893,90.01279665698787,3d move;3d range,True,long,50,wide,0.012,0.04,120,14.946922278890607,26,2.6267360828458233,4.039200000000017,13.970650924967941,25,2.5653419348458413,4.0391999999999975,13.03423655519833,26,2.360145949797856,4.097592319999994,32.515794262009564,28.459133894358235,30.30506576745864,29.15737176861071,31.132984946914544,25.511525918621757,ready
REZUSDT,REZ,2026-03-20T00:00:00+00:00,2026-05-03T23:59:59.999000+00:00,2.232667450058745,14.173228346456689,30.239520958083823,44.47827290340438,57.94251134644477,36.01505528111033,49.79274611398963,60.121849903073944,9178121.394403538,6424707.578181156,1.8014353417009972,1.1846899567541576,71.04341689928802,3d move;7d move;3d range;7d range,True,long,50,wide,0.012,0.04,90,14.221890564130613,32,2.0825100591846737,4.02323958381121,6.046985173299024,24,1.4668187287417476,5.046594610585385,8.0842387174346,26,1.6370190234921456,4.177537970060237,19.791180806519936,14.652269406979212,11.845871986162404,43.00236108057873,29.238607183145238,26.180713792637754,ready
SHELLUSDT,SHELL,2026-03-20T00:00:00+00:00,2026-05-03T23:59:59.999000+00:00,2.401689100026405,14.319387153800832,15.820895522388057,25.282531482079442,29.290236587804074,30.17751479289941,35.635018495684356,42.53320375769354,2449773.035367142,2166228.129375002,1.255923219447833,1.2342642413963325,54.28193803370804,3d move;3d range,True,long,50,wide,0.007,0.04,120,10.33555648429565,55,1.4698955396320474,4.208791569339658,8.834595234869692,55,1.3946708287085356,4.744027148587053,7.144780953616281,54,1.333511311678251,5.418176621926538,23.052569359106243,18.523127078508516,17.457996304890024,39.29547403516644,28.371485381503668,23.21203700607155,ready
PIEVERSEUSDT,PIEVERSE,2026-03-20T00:00:00+00:00,2026-05-03T23:59:59.999000+00:00,-3.0862496555524865,4.269196560924993,-6.982279820153392,-40.601249788887,32.49199472593709,28.231501381639546,29.413570770647834,196.8960863697706,17706916.88362853,144514432.97873557,0.19438425027847864,5.099309440623649,88.2007141650783,3d range;volume spike,True,long,60,base,0.01,0.04,90,16.348087004184396,47,1.9256159680482476,3.3413735590481775,22.22686916529728,44,2.7174908760705,2.6596875590967217,8.11666246841989,46,1.405420114297866,3.496628001073848,19.173117125289174,25.780156912699837,10.388392773897825,29.742152949869414,28.256750784757358,17.163692926764163,ready
BIOUSDT,BIO,2026-03-20T00:00:00+00:00,2026-05-03T23:59:59.999000+00:00,5.0921098366353945,46.5228979888539,101.63387795931978,116.19592420450485,253.21261682242994,69.53506293347034,141.6697180519956,149.71623155505108,233659074.60333773,140326948.39279896,4.084087740647073,2.9423438386691556,100.0,3d move;7d move;3d range;7d range;volume spike,True,long,50,wide,0.012,0.04,90,20.032807963714315,42,2.1801166557872773,7.138240550964202,22.688096483085097,42,2.3952047655203574,6.609292617185665,11.438056005180353,42,1.539289156501245,8.732983097832317,7.446776717544457,11.270073383067869,-3.3748580588215504,21.20129160559174,27.758502436900013,6.666874640428144,ready
RIFUSDT,RIF,2026-03-20T00:00:00+00:00,2026-05-03T23:59:59.999000+00:00,-2.032264822962493,-14.531164320965084,4.258639910813833,6.9778082818577,32.090395480225986,21.701199563794994,25.423728813559322,37.80936045086989,3243709.773975734,2281379.8185428656,1.9550899624553018,1.2651395041583617,57.30343168661373,3d move,True,long,50,wide,0.012,0.04,90,8.446388326954724,32,1.6321932825096355,4.443848957796772,15.290293837055668,38,2.5021461487929857,4.191305383305808,5.2398014338070675,30,1.384839031462848,4.758658998738732,0.057801500682863605,11.925622388498859,-5.760427885922514,14.948649184268348,25.76154439974625,5.158059265428516,ready
MERLUSDT,MERL,2026-03-20T00:00:00+00:00,2026-05-03T23:59:59.999000+00:00,6.024096385542177,18.809450751764324,-5.121293800539084,2.0558777016341567,80.5128205128205,30.567260940032437,39.28687196110212,57.95786061588333,5852726.084040003,11716578.684502123,0.5764980884547742,1.7168510677385458,66.05965444190328,3d move;3d range,True,long,70,base,0.012,0.04,180,17.65344397493567,21,4.708032872843726,3.0351159244714716,11.228845573070956,16,3.526567822021897,2.9380584401564587,15.621418735251824,22,3.3858512270217522,4.706645091761145,29.275337515218492,22.472795483588072,25.62245745160643,35.12099870367344,25.21769555800384,30.70122728642928,ready
PARTIUSDT,PARTI,2026-03-20T00:00:00+00:00,2026-05-03T23:59:59.999000+00:00,23.32677165354329,23.357125276889,22.45296848277547,28.776978417266164,-41.235783796459145,29.779227295534373,33.53123386680434,33.53123386680434,11648783.190805698,8393738.251377843,1.1725029051152345,0.6918404884746703,65.0656867609244,3d move;7d move;3d range,True,long,50,wide,0.007,0.04,120,17.90590638208065,36,4.32740750800471,2.6647157996146555,17.253760117349692,32,5.346482229121372,2.616013806517923,15.319908792709903,36,3.739962174892982,2.743117289836836,20.999977521819368,22.267446948475023,15.238852741991948,22.92575074587997,24.796826503987468,15.788437817496948,ready
XNYUSDT,XNY,2026-03-20T00:00:00+00:00,2026-05-03T23:59:59.999000+00:00,-16.682986536107713,19.84154929577464,3.560018256503872,33.31374853113982,68.7825440119018,71.23670956911023,73.27293318233296,80.60200668896323,7811221.588167154,5840042.612710206,1.5230451418082442,0.8785739738158621,79.73194076273178,3d move;3d range;7d range,True,long,60,base,0.012,0.04,180,6.518274953410841,23,1.5269148188625221,6.882513852427046,15.747308410393313,23,3.0953870116624156,3.975542415883073,3.775949451029037,23,1.2983996922765193,7.404087734180063,41.70148449836868,49.17027407802108,35.89605368510311,21.41149121080794,23.71241647313298,14.745272661493658,ready
4USDT,4,2026-03-20T00:00:00+00:00,2026-05-03T23:59:59.999000+00:00,15.697564659241102,26.94976696012428,17.93514865775041,26.321756157889318,1.414860168790355,38.22518263859047,38.22518263859047,38.22518263859047,5517263.530438843,4768045.413932134,0.2852334798503915,0.22349338664423848,63.90625685059834,3d move;3d range,True,long,60,base,0.007,0.04,180,12.877037203455233,53,1.7538198497035806,6.915769255212608,23.532309266933083,56,2.957083396450517,6.410934021531626,1.8583274759631507,39,1.1171090366228107,11.513737281246222,27.380901291775217,34.038240153641695,17.16532877530672,23.8448648731562,22.943715143862043,9.006486677777081,ready
APEUSDT,APE,2026-03-20T00:00:00+00:00,2026-05-03T23:59:59.999000+00:00,-6.214689265536711,4.010025062656641,14.482758620689662,65.0099403578529,89.06605922551253,21.2998712998713,38.96952104499274,183.6567926455567,98985508.60469995,194465547.5696573,1.308423798692621,19.991806158230315,100.0,volume spike,True,long,50,wide,0.012,0.04,90,6.792872446014719,15,2.0220476913458563,3.734170987632629,7.171279313937151,15,1.9510674791224047,3.5293228457196837,3.281868478486283,14,1.4711697230304719,4.157727070867231,15.806212700010903,14.549688670725835,10.686291205327736,22.86516856707932,22.825331066196462,13.529932684108203,ready
AIOUSDT,AIO,2026-03-20T00:00:00+00:00,2026-05-03T23:59:59.999000+00:00,5.670567056705678,6.359847798514218,32.2072072072072,52.745251105906846,51.34717029779554,16.076267905536202,42.77251184834123,63.94557823129252,5686389.843624273,3701539.856767842,1.2494169719607695,0.8605168026329005,62.242151891955345,7d move,True,long,50,wide,0.012,0.04,90,10.823774617683867,39,1.6437856357605305,4.63486591373476,11.63955948801576,30,1.8533935959796108,4.58625209898889,7.937269094371069,39,1.4465097809336225,4.8264106509655775,22.996526022737672,17.66956141892817,13.050258859656516,7.685749619758275,20.550293509821405,-11.341874522585405,ready
ACHUSDT,ACH,2026-03-20T00:00:00+00:00,2026-05-03T23:59:59.999000+00:00,-2.605185909980423,8.5173071681657,23.209036051369324,33.004843828294625,27.63263343484532,21.10338959012905,32.94410711505527,42.88821954484603,11626612.750414146,6964896.352222277,4.47168004976058,2.84211383353796,62.92883715244487,7d move;volume spike,True,long,50,wide,0.0035,0.04,90,11.124163795341069,73,2.046742950166973,3.7751706787539483,18.142919627706355,85,3.0777436761384007,4.307811189600215,6.386768633142603,73,1.592340155302534,4.588442964844373,12.232997450546979,18.337520185704292,6.570690920818079,13.391500959768464,19.04331345821464,6.235856921528371,ready
GWEIUSDT,GWEI,2026-03-20T00:00:00+00:00,2026-05-03T23:59:59.999000+00:00,4.291010194624656,4.640133903663757,-10.65502183406114,7.756391841424892,109.65067536096882,15.313179213594141,59.87354085603116,68.82295719844358,25595442.035997175,30184924.327087175,1.1311268859406491,1.7904168365203412,53.95843584790546,7d range,True,short,40,wide,0.007,0.04,60,22.92420909683781,143,1.324261595376508,18.875445907791963,28.6315140481322,175,1.327284320676558,14.491489449899337,7.7649623405816826,136,1.1108173233720409,22.010156597161192,37.44160180287217,42.79665407664142,16.00372935642007,10.480148077501394,17.829653591413972,-11.357913961358413,ready
BBUSDT,BB,2026-03-20T00:00:00+00:00,2026-05-03T23:59:59.999000+00:00,7.881301850670064,17.436609934004863,22.322720694645426,37.71894093686355,44.92070295756536,29.35092724679029,39.125431530494815,47.79951100244497,10625273.14960857,10951109.384975744,1.9979653346377189,3.5202757477512097,72.81609807653335,3d move;7d move;3d range;volume spike,True,long,50,wide,0.01,0.04,90,19.662667186539416,62,1.6834358584821212,9.402227782699644,15.784527560536743,71,1.4393959890143504,9.391318671312158,14.903712975872496,62,1.5041849097379063,10.144194303349895,14.108114377597069,10.504819208336237,5.924705693600396,20.36555502118653,17.428404205027228,7.065416512948897,ready
TURTLEUSDT,TURTLE,2026-03-20T00:00:00+00:00,2026-05-03T23:59:59.999000+00:00,5.896907216494851,8.790510485066715,3.9045114303054795,14.515050167224075,20.648343904157883,14.983570646221246,39.627601314348304,49.41397093295829,9371468.450027129,5464312.695152171,5.962521413405367,3.9023162129471394,57.57172117249494,volume spike,True,long,50,wide,0.01,0.04,90,8.846640400855566,45,1.3774117719393857,8.055403693704145,8.16413434117036,37,1.4354777126127096,7.096003956892203,5.6512483209455455,45,1.2340515648260326,8.56206827214912,13.266541173985757,12.041434947173514,7.915375421169646,15.521077752146063,17.307625881907907,7.352931899033566,ready
IRUSDT,IR,2026-03-20T00:00:00+00:00,2026-05-03T23:59:59.999000+00:00,0.0,0.0,-25.315591948140572,-57.0447409733124,-42.15116279069767,0.0,151.40879881364307,210.430054374691,9791396.571464295,7585479.828817157,2.770685146712963,2.926717763114698,97.59699484189281,7d move;7d range;volume spike,True,short,40,wide,0.01,0.04,90,36.539297192139244,70,2.2473538287749215,7.034151056033274,34.706431778593384,69,2.2200774078600314,7.034151056033261,18.468229169741,42,2.1727795117971387,6.3726286026706065,36.50194228277894,35.370720854198304,17.44593998752486,20.523293731254498,16.44292211246956,1.203401252062286,ready
MEGAUSDT,MEGA,2026-03-20T00:00:00+00:00,2026-05-03T23:59:59.999000+00:00,-9.911478740386004,-25.576934604088,-26.24450516811214,-22.496878901373286,-0.8702594810379161,42.0225822287678,74.68499427262314,76.41138929798723,85919853.91626379,44777254.60144122,39.359705570833775,29.30865016182375,93.97657718116659,3d move;7d move;3d range;7d range;volume spike,True,long,50,wide,0.012,0.04,120,28.026790819895187,67,1.6730883537465704,9.237291751943646,15.709263693894048,61,1.3728693684067717,10.18027986860559,24.381658583583608,68,1.5931385070451243,9.58786503629549,18.855445771560618,10.20326496866726,13.213024415649933,26.751879362341757,16.235620538030826,20.20583758861383,ready
TRIAUSDT,TRIA,2026-03-20T00:00:00+00:00,2026-05-03T23:59:59.999000+00:00,-0.3745318352060045,4.477611940298498,9.465020576131678,52.11589782691575,45.83333333333333,38.624813153961135,43.20568252007413,85.25769077107472,11333404.278515708,12409317.607242169,0.7895900243585389,0.620954003197409,65.00546877222841,3d range,True,long,50,wide,0.012,0.04,120,25.280140412320208,54,1.9927164646679745,4.039200000000016,20.495627803472537,55,1.6644527979544128,5.602127983435904,20.974704034397607,54,1.8046388729702778,4.121867679731757,59.314236436658604,46.66569569677104,46.36027219406769,29.055644934985537,15.56619527522669,21.349898606339714,ready
WLFIUSDT,WLFI,2026-03-20T00:00:00+00:00,2026-05-03T23:59:59.999000+00:00,5.225225225225216,-3.9473684210526327,-22.029372496662212,-24.352331606217625,-40.7707910750507,21.135029354207436,47.553816046966716,57.14285714285714,76644369.0019714,50030193.00910727,1.8952512448255956,1.0855646982843339,59.388039354023604,7d move;7d range,True,short,40,wide,0.01,0.04,90,16.025898896664792,75,1.4542892426215754,10.617859288577975,26.549142315506955,81,1.796446314859307,8.974784145711045,14.166901804410937,58,1.6263621319623556,9.21117399287319,15.11416219779651,25.83504903934113,12.567711883604083,0.15193696614361762,14.574157706942103,-4.230712262976544,ready
AKEUSDT,AKE,2026-03-20T00:00:00+00:00,2026-05-03T23:59:59.999000+00:00,-0.060679611650482634,3.454773869346739,8.784676354029063,-34.629886882317926,30.507131537242472,16.43086816720256,53.206373882627254,121.53128643606684,5375072.226703982,4851182.075733863,0.40584673303616203,0.39065318813771543,57.06701063594773,7d range,True,long,50,base,0.007,0.04,180,27.768397361056564,98,1.7792266815646356,7.91524863360001,28.920080912811287,96,1.8643223918784146,8.119571131781989,20.82215431242882,97,1.5954336440352044,8.02728201179078,18.973407693300757,15.711071118032848,5.1465441245587495,14.660905091240828,13.594589401850943,-3.868304439993986,ready
EDUUSDT,EDU,2026-03-20T00:00:00+00:00,2026-05-03T23:59:59.999000+00:00,-1.705490848585678,-2.072109407376699,2.6498696785404174,12.792362768496425,-5.385385385385377,18.336933045356375,27.775186567164177,113.69403878381613,10133515.703324255,37784147.806078464,0.4891463486511479,6.509275085748152,67.62833192434891,volume spike,True,long,50,base,0.01,0.04,120,7.442302500813636,46,1.319677993376008,5.36329640539624,13.911045067566551,44,1.6819492523395572,4.660423998817239,4.225281887552668,46,1.1750454472977117,5.723433874398441,-1.0234894567014208,6.27320341650468,-5.380843670203561,22.521475849111038,12.133487870121451,8.347547663383171,ready
OPENUSDT,OPEN,2026-03-20T00:00:00+00:00,2026-05-03T23:59:59.999000+00:00,-13.44772545889864,-19.036954087346025,-12.85656890317397,1.3078000934142908,32.823025107164725,30.567276136896403,36.19315518049695,42.75184275184276,21436308.575814314,13883696.238121524,3.5666829640705733,2.0349621305354657,75.76078954105897,3d move;3d range;volume spike,True,long,70,base,0.012,0.04,60,10.813950523714166,16,4.989499796492696,1.1843238660449427,6.372622587663335,11,3.8243236129900953,1.1348813066982992,9.647271793442247,16,4.18638135557806,1.2636134138157527,15.319222075222449,9.69200331316502,13.536675714143897,17.62952484015836,11.92562979301892,15.395378035768935,ready
VICUSDT,VIC,2026-03-20T00:00:00+00:00,2026-05-03T23:59:59.999000+00:00,2.261640798226172,6.193875201473631,-20.455329423939283,-15.033161385408988,-2.5359256128486884,27.901353965183763,40.81237911025144,46.51837524177949,5645919.717734321,3358941.823668581,2.1608965918736596,1.3466582095391055,60.89592528509118,7d move;3d range;volume spike,True,long,50,wide,0.007,0.04,120,12.073533081328547,79,1.3581101528524946,7.376051535432851,8.562790318273162,56,1.3807876710371076,7.4886518253430205,8.05233050628813,62,1.3401890583834093,8.491200446999992,10.863285180256765,6.6117604968835675,6.373234111140302,21.93002238962094,11.729874534637208,11.402559599935769,ready
MITOUSDT,MITO,2026-03-20T00:00:00+00:00,2026-05-03T23:59:59.999000+00:00,1.9274143940947175,11.058981233243959,23.687484448867878,35.893931109896116,30.850223743090275,29.502262443438898,43.135783945986496,58.95584559844487,3659685.824861437,2463025.5224828534,2.931550350327605,2.3223242541098807,70.1789927393761,7d move;3d range;volume spike,True,long,50,wide,0.012,0.04,120,12.742190302910705,39,1.601767881594528,4.130130459557941,12.345575553889375,31,1.896901999838096,4.039200000000003,9.915954020756379,39,1.45408627746481,4.284281454350204,23.01445915395348,24.212172436801758,17.98110625736684,16.06062465554723,11.16817097978695,8.127459494204746,ready
AXLUSDT,AXL,2026-03-20T00:00:00+00:00,2026-05-03T23:59:59.999000+00:00,-6.05543149875214,16.786414108425852,25.87117212249208,26.38275313659657,66.05525888089159,36.48111332007953,53.78010080268807,53.923766816143505,20654593.517861065,16253913.955717389,1.6156915987492468,1.4727027275579194,66.09092687627844,3d move;7d move;3d range;7d range,True,long,50,base,0.01,0.04,180,8.187800170190162,29,1.6047815256381714,4.829784625378577,11.081784713475894,24,2.412609413791111,4.039199999999995,6.194876324298404,29,1.443097159849069,5.22978852873501,5.613067435471386,9.643285462568318,3.1291722826593205,7.4668929948515705,11.149373659835904,4.040749742025573,ready
DUSDT,D,2026-03-20T00:00:00+00:00,2026-05-03T23:59:59.999000+00:00,5.062791248716514,4.567251002279704,-7.727524972253052,35.25165226232843,12.414434209414349,31.954792800334864,39.63501063075836,119.69817315329627,9889192.49710263,20727636.6462627,0.2074603510637312,0.5112078673143111,58.197808541409835,3d range,True,long,60,base,0.012,0.04,120,8.39130382347333,13,3.7839100657278926,1.5072117400419367,11.749288356810727,14,5.5514020019515256,1.4207625703399027,7.464462150280626,13,3.3323165058442923,1.5863075938271416,1.2370510595690831,10.138265579903294,-0.09086445288177813,2.329162694738396,10.008832477129515,-2.6882380692581864,ready
DEXEUSDT,DEXE,2026-03-20T00:00:00+00:00,2026-05-03T23:59:59.999000+00:00,-1.0648596321393922,-9.074733096085408,-25.46674445740956,-31.67535766813745,26.9249875807253,14.631495751827694,53.586247777119134,57.01442402687218,17287654.454820063,24510568.642751623,0.8018284836040585,1.3352877181594291,57.831347294688456,7d move;7d range,True,short,50,wide,0.007,0.04,90,46.67081797574391,122,2.257480542004572,10.031097857871309,34.12855006387592,109,1.9346850406401874,10.962466559402593,40.04065641120833,119,2.183440836736041,11.369124771712698,30.004912933784176,15.860866979460408,22.52921731427684,21.29467156550271,9.455883564808975,6.219846480411317,ready
USUSDT,US,2026-03-20T00:00:00+00:00,2026-05-03T23:59:59.999000+00:00,6.7300079176563665,25.83430571761962,25.716950338074128,34.095996020890325,6.435057244374254,30.893153281213003,34.29752066115705,40.40660736975858,2010283.773209141,1496148.0075894927,0.754203715407114,0.549725712714249,64.0916210625202,3d move;7d move;3d range,True,long,50,wide,0.012,0.04,90,14.270495934029714,48,1.6950813382426693,5.319653663983759,12.63372660374229,46,1.6692159924188017,5.17746203432259,10.540351732693477,48,1.489668586820729,5.547751019247382,16.034194199738373,13.486627173634469,10.650266389019446,12.841792762826486,8.74798855798442,5.974044692160985,ready
LUMIAUSDT,LUMIA,2026-03-20T00:00:00+00:00,2026-05-03T23:59:59.999000+00:00,-5.936897131122032,6.526182253858637,2.634616690432545,36.23253717890944,102.26147464204467,32.845528455284544,55.02668089647811,109.2681521321552,26168959.996746235,14996660.053931633,10.372178735958546,8.019079438515025,79.84248086128488,3d range;7d range;volume spike,True,long,60,wide,0.0035,0.04,90,5.970770559423544,28,3.4963061874557897,1.5608396714329125,8.37824422346416,26,inf,0.0,4.164091358627453,28,2.649459877074693,1.644786760548,3.321686323767503,5.72184911211302,1.4784017152233098,9.378959025020173,8.672463843875299,4.638424788471229,ready
NOTUSDT,NOT,2026-03-20T00:00:00+00:00,2026-05-03T23:59:59.999000+00:00,1.5143866733972944,5.8142594054196195,-4.055343511450382,7.253333333333334,12.629515541865022,8.934252386002118,78.03561791689152,78.03561791689152,9534901.768977862,6858840.6467160005,2.5511642332856996,2.1005492015369116,68.96659304064943,7d range;volume spike,True,short,50,wide,0.012,0.04,180,5.673883617579922,13,2.4356796621416024,2.5502964109785813,5.562962555067141,13,2.355023331115806,2.799456919570745,4.7519075851253145,13,2.0917185992964713,2.7097102392017187,4.841059302322592,6.297292090662743,3.1149645097129586,-0.2337467103013524,6.951992311403554,-4.497033992712163,ready
RLCUSDT,RLC,2026-03-20T00:00:00+00:00,2026-05-03T23:59:59.999000+00:00,6.729298667249295,14.725223109441043,6.799300393528651,8.700489541611024,16.115997147611118,22.843713278495905,23.51134215500945,23.51134215500945,2471373.1071142824,2260037.596124997,1.683539084566443,1.7954597054562995,56.408289463727584,3d move,True,long,50,wide,0.012,0.04,90,14.654146751970941,26,2.3893753842800485,3.4112533008328345,12.465265513910895,23,2.422579051500142,2.7079342307786614,13.596671850402764,24,2.7164210157839994,3.489206958120857,18.20668637865652,18.630819510914918,13.276977033161309,8.94502029717037,6.497028207081157,7.236435142049413,ready
BICOUSDT,BICO,2026-03-20T00:00:00+00:00,2026-05-03T23:59:59.999000+00:00,-2.6640159045725698,-1.8444266238973661,-18.099698895951832,6.157849089332168,7.462686567164156,8.295313148071347,36.83119037743674,43.37244676227727,4138955.2815028317,3601513.5813521706,2.474444961202381,3.1316618913015635,59.21223526773616,volume spike,True,short,40,wide,0.01,0.04,90,7.661201114185734,19,3.091105905547554,1.3670303763999354,8.484333767778619,18,3.8137578469604216,0.9324170946201199,5.299923679408658,19,2.2841262711089616,1.6054654929976386,11.548441756593597,8.810423037618943,7.113430005690757,11.822801476782985,6.283454464222316,1.1837475724590263,ready
AKTUSDT,AKT,2026-03-20T00:00:00+00:00,2026-05-03T23:59:59.999000+00:00,9.421690982598019,22.394809280377515,28.08641975308643,37.782204515272255,36.21444201312911,35.428685100457514,46.34565778159929,50.98691505877133,11222002.590869984,6415295.743569278,4.495562422669421,1.1430364576561076,83.47886910747502,3d move;7d move;3d range;7d range;volume spike,True,long,50,wide,0.007,0.04,120,8.737019442166893,35,2.018891317416687,3.8506389880592224,10.010472421440596,31,2.5277097963603907,3.4850035158737955,4.37656908141959,32,1.48087827802084,4.46504448823589,13.387381818552502,12.586639512239529,8.211637708611597,8.330134845512127,5.846103348631448,-0.35243999289698014,ready
SPACEUSDT,SPACE,2026-03-20T00:00:00+00:00,2026-05-03T23:59:59.999000+00:00,-17.30512249443207,12.039831019915503,5.050219267223088,30.877687698272815,29.215242735340176,81.8834796488428,81.8834796488428,105.01979129183164,20950282.360059418,13626742.695801692,3.4339044919401074,2.3076426993188037,82.6443929704416,3d move;3d range;7d range;volume spike,True,long,50,wide,0.012,0.04,120,8.656281761015915,43,1.318775634865758,7.607941733189253,7.242792295874545,41,1.2800971129634893,6.103138689359691,3.785087540071763,38,1.1526751269594682,8.254184447365754,16.146031097526436,14.706831575143276,1.0155687690825754,18.221058973173054,5.460198436425445,-3.983364100218334,ready
CHRUSDT,CHR,2026-03-20T00:00:00+00:00,2026-05-03T23:59:59.999000+00:00,-0.60606060606061,8.654244306418214,20.75471698113207,43.78082191780823,42.608695652173914,28.787205686361617,41.621885686370305,58.93640350877192,6230355.230282841,4780947.132058543,1.0822814890238899,0.8718131093919632,57.196460850322936,7d move;3d range,True,long,50,wide,0.0035,0.04,90,19.79602748949587,119,2.0957761467460845,4.03920000000001,16.230872295205966,101,2.048455274958997,4.039199999999994,10.427076381654722,106,1.6614495031874856,4.097592320000002,24.2896703332949,14.808320335063495,7.932797806019076,31.5523924568597,5.258430655378388,4.905165614211859,ready
BABYUSDT,BABY,2026-03-20T00:00:00+00:00,2026-05-03T23:59:59.999000+00:00,-0.30364372469635637,35.30219780219779,27.67336357744654,30.636604774535805,38.63476425052779,119.03780068728524,120.09668508287294,120.09668508287294,82154214.153677,41878045.18321137,25.46497454552795,11.272595674203046,100.0,3d move;7d move;3d range;7d range;volume spike,True,long,50,wide,0.012,0.04,90,21.24553358380501,35,2.4888812847363546,3.5499945145364684,19.967451247326018,34,2.4279506046519206,3.5017353822275754,18.563186375788156,35,2.262652220411551,3.627864943741916,15.38515551632833,15.770563783682379,12.31328492049657,-0.959988684597568,2.998296791045907,-7.787994222894767,ready
TAGUSDT,TAG,2026-03-20T00:00:00+00:00,2026-05-03T23:59:59.999000+00:00,27.28105991167402,131.61485974222896,123.61294100424539,121.05643994211289,95.10793204751565,185.47307575296622,292.6150627615063,292.6150627615063,67341299.9397113,34384276.02364777,14.048893028152875,7.023364891072936,100.0,3d move;7d move;3d range;7d range;volume spike,True,short,40,wide,0.012,0.04,90,9.02187541099908,64,1.1814334472990877,13.839861270632579,10.335285495947222,61,1.2268702576714412,12.841854544870804,4.844108832149008,63,1.0994416316332822,15.17828990705577,10.245848523276457,15.995917927159443,0.575208187815246,-13.183361806245575,2.2402943342410664,-16.665475540740637,ready
ZKJUSDT,ZKJ,2026-03-20T00:00:00+00:00,2026-05-03T23:59:59.999000+00:00,0.0,0.0,30.80531665363564,-11.80811808118083,-12.270582066072377,0.0,365.1162790697675,365.1162790697675,101086226.41611242,51977914.21396752,67.23318972673997,55.483147017277986,89.64425332290851,7d move;7d range;volume spike,True,long,50,wide,0.012,0.04,90,14.470676055319442,15,10.604223203014493,1.506699266503665,14.58525572907321,15,11.007599723857753,1.4574179754914212,13.4022830632754,15,9.259086320012027,1.585795427711514,8.825246588027724,6.407702993608577,5.9056094305886875,0.10170006082648175,0.11652006730016318,-10.87538817229664,ready
