symbol,interval,variant_id,direction,threshold,regime,volume_multiplier,atr_max_pct,tp_pct,sl_pct,time_stop_min,weekly_loss_stop_pct,score,return_1d,return_7d,return_30d,return_60d,return_90d,return_180d,return_365d,dd_365d,pf_365d,trades_365d
JASMYUSDT,1h,short_th40_wide_vm1.5_atr0.05_tp0.035_sl0.08_t1440_wk0,short,40,wide,1.5,0.05,0.035,0.08,1440,,492.2252245914367,0.9717489144257296,4.4593101070046215,-4.752033429838853,6.005254884469569,22.42962620899325,62.63651226535703,324.25200433151804,18.815280030298446,1.7994621986238155,157
JASMYUSDT,1h,short_th40_wide_vm1.5_atr0.05_tp0.035_sl0.08_t2880_wk0,short,40,wide,1.5,0.05,0.035,0.08,2880,,490.95448860168875,0.9717489144257296,5.293236531756795,3.043836823184143,4.385415936440662,21.636910474079542,51.14380594680181,295.22539373593656,14.740293503933334,1.7275355083365023,127
JASMYUSDT,1h,short_th40_wide_vm1.5_atr0.025_tp0.035_sl0.08_t2880_wk0,short,40,wide,1.5,0.025,0.035,0.08,2880,,464.63100981751904,0.9717489144257296,5.293236531756795,3.043836823184143,4.385415936440662,21.636910474079542,51.14380594680181,269.22747971354613,14.740293503933358,1.7058311908845518,125
JASMYUSDT,1h,short_th40_wide_vm1.5_atr0.025_tp0.035_sl0.08_t1440_wk0,short,40,wide,1.5,0.025,0.035,0.08,1440,,464.00612063847086,0.9717489144257296,4.4593101070046215,-4.752033429838853,6.005254884469569,22.42962620899325,62.63651226535703,296.34472077319754,18.81528003029845,1.7786741723141286,155
JASMYUSDT,1h,short_th40_wide_vm1.5_atr0.05_tp0.05_sl0.08_t1440_wk0,short,40,wide,1.5,0.05,0.05,0.08,1440,,462.0731344737321,0.9717489144257296,2.6519768250955256,-8.178404824527874,2.942186787043033,24.55994686845413,55.16746140464688,298.2956308898988,18.978313342697017,1.7707819847179915,144
JASMYUSDT,1h,short_th40_wide_vm1.5_atr0.025_tp0.05_sl0.08_t1440_wk0,short,40,wide,1.5,0.025,0.05,0.08,1440,,443.0309784316106,0.9717489144257296,2.6519768250955256,-8.178404824527874,2.942186787043033,24.55994686845413,55.16746140464688,279.4701183200409,18.97831334269702,1.7563390865670845,143
JASMYUSDT,1h,short_th40_wide_vm1.5_atr0.05_tp0.035_sl0.08_t720_wk0,short,40,wide,1.5,0.05,0.035,0.08,720,,435.63583442348096,1.00674987629632,7.189021242695937,-3.678233621977145,4.454057764541597,19.21582691027506,34.610998432140775,268.77868621836933,11.124301268664508,1.6999973454094934,215
JASMYUSDT,1h,short_th40_base_vm1.5_atr0.05_tp0.05_sl0.08_t1440_wk0,short,40,base,1.5,0.05,0.05,0.08,1440,,430.00668277961904,1.1302466482873808,5.7749602724318505,-2.3415680014278517,12.68911894307967,16.805140683218255,42.11114682672712,257.8550460495983,13.346455823879417,2.1285889268138067,103
MANAUSDT,5m,short_th50_base_vm1.5_atr0.025_tp0.01_sl0.04_t720_wk0,short,50,base,1.5,0.025,0.01,0.04,720,,414.34471921083593,1.3128032604945439,8.93524314434817,-3.1210894356580976,4.556846911823498,52.440603740174026,140.6703050829654,211.59700318936672,20.448511854210825,1.2452974081045258,835
MANAUSDT,5m,short_th50_base_vm1.5_atr0.05_tp0.01_sl0.04_t720_wk0,short,50,base,1.5,0.05,0.01,0.04,720,,414.34471921083593,1.3128032604945439,8.93524314434817,-3.1210894356580976,4.556846911823498,52.440603740174026,140.6703050829654,211.59700318936672,20.448511854210825,1.2452974081045258,835
ANKRUSDT,1h,short_th50_base_vm1.5_atr0.025_tp0.05_sl0.08_t2880_wk0,short,50,base,1.5,0.025,0.05,0.08,2880,,399.18985470183384,0.5077610157576684,5.493951039749412,0.5686967090008377,8.566596947743976,8.128400129798807,36.347004378684034,198.83894568846796,13.133581758442519,2.643205999031653,68
ANKRUSDT,1h,short_th50_base_vm1.5_atr0.05_tp0.05_sl0.08_t2880_wk0,short,50,base,1.5,0.05,0.05,0.08,2880,,335.8347147603284,0.5077610157576684,5.493951039749412,0.5686967090008377,8.566596947743976,-0.5668532950391048,25.382523674567835,174.80751303198426,13.484192251263494,2.2621891068717552,69
ANKRUSDT,1h,short_th50_base_vm1.5_atr0.025_tp0.05_sl0.08_t2880_wk2,short,50,base,1.5,0.025,0.05,0.08,2880,0.02,329.55090222352624,0.5077610157576684,5.493951039749412,9.792079794045527,6.707175548569988,6.2861718606689765,21.654077337883248,137.21815467548174,13.12566304545339,2.4377617418711743,60
JASMYUSDT,5m,short_th50_base_vm1.5_atr0.025_tp0.03_sl0.04_t720_wk0,short,50,base,1.5,0.025,0.03,0.04,720,,314.34097688587775,0.7950431298717975,5.457395389146691,-4.614503970349215,9.304950964978831,15.359047955272743,49.16981969278695,167.54982174631755,20.840419674792248,1.1970300600449302,483
JASMYUSDT,5m,short_th50_base_vm1.5_atr0.05_tp0.03_sl0.04_t720_wk0,short,50,base,1.5,0.05,0.03,0.04,720,,314.34097688587775,0.7950431298717975,5.457395389146691,-4.614503970349215,9.304950964978831,15.359047955272743,49.16981969278695,167.54982174631755,20.840419674792248,1.1970300600449302,483
JASMYUSDT,5m,short_th40_base_vm1.5_atr0.025_tp0.03_sl0.06_t720_wk0,short,40,base,1.5,0.025,0.03,0.06,720,,309.65620107435126,0.37410490735545476,4.284567800637884,-7.203301692144192,2.775420899675729,-3.068235635228145,53.56505409332841,189.31500006410155,18.76946796586244,1.1931117934780116,497
JASMYUSDT,5m,short_th40_base_vm1.5_atr0.05_tp0.03_sl0.06_t720_wk0,short,40,base,1.5,0.05,0.03,0.06,720,,309.65620107435126,0.37410490735545476,4.284567800637884,-7.203301692144192,2.775420899675729,-3.068235635228145,53.56505409332841,189.31500006410155,18.76946796586244,1.1931117934780116,497
ANKRUSDT,1h,short_th50_base_vm1.5_atr0.025_tp0.035_sl0.08_t2880_wk0,short,50,base,1.5,0.025,0.035,0.08,2880,,290.9846703381229,0.5077610157576684,3.98603310122998,10.951744594252656,7.52622345563283,5.841655451076888,35.98110774551253,105.28246218685587,15.346202331036269,1.8234238870141073,75
CHZUSDT,1h,short_th50_base_vm1.5_atr0.025_tp0.05_sl0.05_t1440_wk2,short,50,base,1.5,0.025,0.05,0.05,1440,0.02,281.9518324108489,0.0,2.750344534490101,5.11714378325463,5.932648428835674,9.285392886932776,24.71031204625753,92.341264820873,10.125526929068329,1.8125134790161952,68
CHZUSDT,1h,short_th50_base_vm1.5_atr0.05_tp0.05_sl0.05_t1440_wk2,short,50,base,1.5,0.05,0.05,0.05,1440,0.02,281.9518324108489,0.0,2.750344534490101,5.11714378325463,5.932648428835674,9.285392886932776,24.71031204625753,92.341264820873,10.125526929068329,1.8125134790161952,68
CHZUSDT,1h,short_th50_base_vm1.5_atr0.025_tp0.05_sl0.08_t1440_wk2,short,50,base,1.5,0.025,0.05,0.08,1440,0.02,281.3579002589846,0.0,2.750344534490101,5.11714378325463,6.339123533535873,9.70473283712543,19.25505741675899,96.79245343978936,11.591855234147385,1.806004530954098,67
CHZUSDT,1h,short_th50_base_vm1.5_atr0.05_tp0.05_sl0.08_t1440_wk2,short,50,base,1.5,0.05,0.05,0.08,1440,0.02,281.3579002589846,0.0,2.750344534490101,5.11714378325463,6.339123533535873,9.70473283712543,19.25505741675899,96.79245343978936,11.591855234147385,1.806004530954098,67
ANKRUSDT,1h,short_th50_wide_vm1.5_atr0.025_tp0.035_sl0.08_t2880_wk0,short,50,wide,1.5,0.025,0.035,0.08,2880,,270.33538152989007,0.05165654354981619,3.7654649186003697,3.637893821678162,5.079783565901663,11.593828412323703,30.51468492315823,94.18033510540478,16.672437684927704,1.497767509480076,103
RIFUSDT,5m,long_th40_wide_vm1.5_atr0.025_tp0.01_sl0.06_t180_wk2,long,40,wide,1.5,0.025,0.01,0.06,180,0.02,264.9293742662861,0.6257146831644578,11.65214770358849,12.2427457380873,23.624680743602266,38.814558175857506,66.86480771772305,56.02948609491811,12.051949007915562,1.2572300744379132,533
RIFUSDT,5m,long_th40_wide_vm1.5_atr0.05_tp0.01_sl0.06_t180_wk2,long,40,wide,1.5,0.05,0.01,0.06,180,0.02,264.9293742662861,0.6257146831644578,11.65214770358849,12.2427457380873,23.624680743602266,38.814558175857506,66.86480771772305,56.02948609491811,12.051949007915562,1.2572300744379132,533
ANKRUSDT,1h,short_th50_base_vm1.5_atr0.05_tp0.05_sl0.08_t2880_wk2,short,50,base,1.5,0.05,0.05,0.08,2880,0.02,261.33771732774443,0.5077610157576684,5.493951039749412,9.792079794045527,6.707175548569988,-2.2609369356785924,11.871143054680067,118.14201954909822,19.41273829620489,2.075994687745672,61
JASMYUSDT,5m,short_th40_wide_vm1.5_atr0.025_tp0.03_sl0.04_t360_wk0,short,40,wide,1.5,0.025,0.03,0.04,360,,258.1913820554706,0.5536893303257351,5.7766019107928335,1.4774915132836242,-1.6083555428339835,-2.014950826728179,28.245866929290298,152.11054787386914,21.204824878806274,1.124982583753742,899
JASMYUSDT,5m,short_th40_wide_vm1.5_atr0.05_tp0.03_sl0.04_t360_wk0,short,40,wide,1.5,0.05,0.03,0.04,360,,258.1913820554706,0.5536893303257351,5.7766019107928335,1.4774915132836242,-1.6083555428339835,-2.014950826728179,28.245866929290298,152.11054787386914,21.204824878806274,1.124982583753742,899
CHZUSDT,1h,short_th50_base_vm1.5_atr0.025_tp0.05_sl0.05_t1440_wk0,short,50,base,1.5,0.025,0.05,0.05,1440,,257.6380269760429,0.0,2.750344534490101,5.11714378325463,0.5925836215380453,3.776316231502519,15.131667827224948,88.88801086970253,16.75374690750607,1.633100892717367,77
CHZUSDT,1h,short_th50_base_vm1.5_atr0.05_tp0.05_sl0.05_t1440_wk0,short,50,base,1.5,0.05,0.05,0.05,1440,,257.6380269760429,0.0,2.750344534490101,5.11714378325463,0.5925836215380453,3.776316231502519,15.131667827224948,88.88801086970253,16.75374690750607,1.633100892717367,77
CHZUSDT,1h,short_th50_base_vm1.5_atr0.025_tp0.035_sl0.08_t1440_wk2,short,50,base,1.5,0.025,0.035,0.08,1440,0.02,256.299242234796,0.0,3.4607000000000054,4.3309423844338335,8.073300431091868,16.044102593648013,14.052992619977145,75.72174327084929,12.85555069810265,1.713031469177102,67
CHZUSDT,1h,short_th50_base_vm1.5_atr0.05_tp0.035_sl0.08_t1440_wk2,short,50,base,1.5,0.05,0.035,0.08,1440,0.02,256.299242234796,0.0,3.4607000000000054,4.3309423844338335,8.073300431091868,16.044102593648013,14.052992619977145,75.72174327084929,12.85555069810265,1.713031469177102,67
JASMYUSDT,5m,short_th40_base_vm1.5_atr0.025_tp0.02_sl0.06_t720_wk0,short,40,base,1.5,0.025,0.02,0.06,720,,251.31023866453853,0.37410490735545476,3.2715062536558426,-4.897190737935331,-1.0158542275042537,-11.532656799886286,35.231792723341336,168.09074156130234,19.320347554368944,1.1601695693360468,576
JASMYUSDT,5m,short_th40_base_vm1.5_atr0.05_tp0.02_sl0.06_t720_wk0,short,40,base,1.5,0.05,0.02,0.06,720,,251.31023866453853,0.37410490735545476,3.2715062536558426,-4.897190737935331,-1.0158542275042537,-11.532656799886286,35.231792723341336,168.09074156130234,19.320347554368944,1.1601695693360468,576
RIFUSDT,5m,long_th40_wide_vm1.5_atr0.025_tp0.01_sl0.04_t180_wk2,long,40,wide,1.5,0.025,0.01,0.04,180,0.02,250.01436623796775,0.6257146831644578,11.65214770358849,10.159725325964297,23.624680743602266,31.09992981963321,57.25719697801084,48.07190423014911,11.43820202333261,1.222705349423318,527
RIFUSDT,5m,long_th40_wide_vm1.5_atr0.05_tp0.01_sl0.04_t180_wk2,long,40,wide,1.5,0.05,0.01,0.04,180,0.02,250.01436623796775,0.6257146831644578,11.65214770358849,10.159725325964297,23.624680743602266,31.09992981963321,57.25719697801084,48.07190423014911,11.43820202333261,1.222705349423318,527
ANKRUSDT,1h,short_th50_wide_vm1.5_atr0.05_tp0.05_sl0.05_t2880_wk0,short,50,wide,1.5,0.05,0.05,0.05,2880,,227.612882030268,0.05165654354981619,5.270184362963093,2.406707288859944,-9.157152676603552,-7.627438811727682,23.698827920377674,119.56457327194876,21.112446868416374,1.4969444879458986,98
SANDUSDT,5m,short_th40_base_vm1.5_atr0.025_tp0.02_sl0.04_t720_wk0,short,40,base,1.5,0.025,0.02,0.04,720,,221.50193994487293,0.23232588042927382,8.607242284128503,3.382705364389005,7.151658849558418,10.121450376964702,28.44808795091216,60.459794886114835,20.85382932274196,1.092614285916552,566
SANDUSDT,5m,short_th40_base_vm1.5_atr0.05_tp0.02_sl0.04_t720_wk0,short,40,base,1.5,0.05,0.02,0.04,720,,221.50193994487293,0.23232588042927382,8.607242284128503,3.382705364389005,7.151658849558418,10.121450376964702,28.44808795091216,60.459794886114835,20.85382932274196,1.092614285916552,566
ANKRUSDT,1h,short_th40_wide_vm1.5_atr0.025_tp0.035_sl0.08_t2880_wk0,short,40,wide,1.5,0.025,0.035,0.08,2880,,213.1354923864802,0.05165654354981619,4.370968715062262,-1.3806650928787412,-10.910989555927097,3.4789137043288676,13.696764327885225,104.85494194062493,19.182297529613926,1.3848459018877703,125
SANDUSDT,1h,short_th60_base_vm1.5_atr0.025_tp0.035_sl0.05_t2880_wk2,short,60,base,1.5,0.025,0.035,0.05,2880,0.02,208.3364609371175,0.0,0.0,-3.478716161960571,1.1987259231167169,10.988716920341645,19.93499554417393,62.80742455507693,14.271135029588164,1.8179973039194364,47
SANDUSDT,1h,short_th60_base_vm1.5_atr0.05_tp0.035_sl0.05_t2880_wk2,short,60,base,1.5,0.05,0.035,0.05,2880,0.02,208.3364609371175,0.0,0.0,-3.478716161960571,1.1987259231167169,10.988716920341645,19.93499554417393,62.80742455507693,14.271135029588164,1.8179973039194364,47
CHZUSDT,5m,long_th40_base_vm1.5_atr0.025_tp0.02_sl0.04_t360_wk2,long,40,base,1.5,0.025,0.02,0.04,360,0.02,195.09372064978737,-2.552997221356623,-3.6389707290852225,-4.790206471013658,3.770737502374799,5.528318968285251,64.32989995712333,40.84649942786083,18.56413189365084,1.1984562419097415,269
CHZUSDT,5m,long_th40_base_vm1.5_atr0.05_tp0.02_sl0.04_t360_wk2,long,40,base,1.5,0.05,0.02,0.04,360,0.02,195.09372064978737,-2.552997221356623,-3.6389707290852225,-4.790206471013658,3.770737502374799,5.528318968285251,64.32989995712333,40.84649942786083,18.56413189365084,1.1984562419097415,269
SANDUSDT,1h,short_th60_wide_vm1.5_atr0.025_tp0.05_sl0.08_t2880_wk2,short,60,wide,1.5,0.025,0.05,0.08,2880,0.02,188.8144529887113,0.0,4.961000000000015,-5.855049166488746,-3.578482731462773,12.37388604353924,26.94510519935458,65.25322940910941,16.898230155179323,1.5990428463732382,57
SANDUSDT,1h,short_th60_wide_vm1.5_atr0.05_tp0.05_sl0.08_t2880_wk2,short,60,wide,1.5,0.05,0.05,0.08,2880,0.02,188.8144529887113,0.0,4.961000000000015,-5.855049166488746,-3.578482731462773,12.37388604353924,26.94510519935458,65.25322940910941,16.898230155179323,1.5990428463732382,57
RIFUSDT,5m,long_th50_wide_vm1.5_atr0.025_tp0.01_sl0.06_t180_wk2,long,50,wide,1.5,0.025,0.01,0.06,180,0.02,187.8397259967512,0.5289791399380128,0.4849320323029538,-0.3297901651391766,7.714711964678034,16.34483414624983,35.84156678185857,29.48848676217142,11.38227152604433,1.138158567981373,515
RIFUSDT,5m,long_th50_wide_vm1.5_atr0.05_tp0.01_sl0.06_t180_wk2,long,50,wide,1.5,0.05,0.01,0.06,180,0.02,187.8397259967512,0.5289791399380128,0.4849320323029538,-0.3297901651391766,7.714711964678034,16.34483414624983,35.84156678185857,29.48848676217142,11.38227152604433,1.138158567981373,515
SANDUSDT,1h,short_th60_base_vm1.5_atr0.025_tp0.035_sl0.08_t2880_wk2,short,60,base,1.5,0.025,0.035,0.08,2880,0.02,184.5373154267896,0.0,0.0,-4.73913989713518,-0.1227782161875024,9.539370127796843,11.006364484670339,65.97079319342316,12.050798266280465,1.7434067016082995,48
SANDUSDT,1h,short_th60_base_vm1.5_atr0.05_tp0.035_sl0.08_t2880_wk2,short,60,base,1.5,0.05,0.035,0.08,2880,0.02,184.5373154267896,0.0,0.0,-4.73913989713518,-0.1227782161875024,9.539370127796843,11.006364484670339,65.97079319342316,12.050798266280465,1.7434067016082995,48
ANKRUSDT,5m,long_th60_wide_vm1.5_atr0.025_tp0.01_sl0.04_t180_wk2,long,60,wide,1.5,0.025,0.01,0.04,180,0.02,183.51948694604977,0.0,0.0,0.7636547861416432,12.90040986690597,7.596393960639047,9.732320035433917,24.232180847367847,16.50302699893644,1.1175706065375457,448
ANKRUSDT,5m,long_th60_wide_vm1.5_atr0.05_tp0.01_sl0.04_t180_wk2,long,60,wide,1.5,0.05,0.01,0.04,180,0.02,183.51948694604977,0.0,0.0,0.7636547861416432,12.90040986690597,7.596393960639047,9.732320035433917,24.232180847367847,16.50302699893644,1.1175706065375457,448
CHZUSDT,5m,long_th40_base_vm1.5_atr0.025_tp0.02_sl0.06_t360_wk2,long,40,base,1.5,0.025,0.02,0.06,360,0.02,181.65881527897608,-2.552997221356623,-5.646910576711761,-6.7741572419592995,1.608396559930081,0.3694118787645584,58.085059216250116,33.188056906500776,18.567632097229637,1.1545643102065564,273
CHZUSDT,5m,long_th40_base_vm1.5_atr0.05_tp0.02_sl0.06_t360_wk2,long,40,base,1.5,0.05,0.02,0.06,360,0.02,181.65881527897608,-2.552997221356623,-5.646910576711761,-6.7741572419592995,1.608396559930081,0.3694118787645584,58.085059216250116,33.188056906500776,18.567632097229637,1.1545643102065564,273
ANKRUSDT,5m,long_th60_wide_vm1.5_atr0.025_tp0.01_sl0.06_t180_wk2,long,60,wide,1.5,0.025,0.01,0.06,180,0.02,180.6289298462758,0.0,0.0,2.8053054712608327,15.187972774823667,7.489001258538841,9.622795450803,24.055419833905,18.242909817888847,1.1172008615603721,448
ANKRUSDT,5m,long_th60_wide_vm1.5_atr0.05_tp0.01_sl0.06_t180_wk2,long,60,wide,1.5,0.05,0.01,0.06,180,0.02,180.6289298462758,0.0,0.0,2.8053054712608327,15.187972774823667,7.489001258538841,9.622795450803,24.055419833905,18.242909817888847,1.1172008615603721,448
MANAUSDT,5m,short_th40_base_vm1.5_atr0.025_tp0.01_sl0.04_t720_wk2,short,40,base,1.5,0.025,0.01,0.04,720,0.02,170.33261019234422,0.9702808835382104,8.956554824612573,5.235222362137448,18.364224271396147,8.822855216916793,6.200880284552945,18.859887295434664,20.53167635170147,1.082835952364542,323
MANAUSDT,5m,short_th40_base_vm1.5_atr0.05_tp0.01_sl0.04_t720_wk2,short,40,base,1.5,0.05,0.01,0.04,720,0.02,170.33261019234422,0.9702808835382104,8.956554824612573,5.235222362137448,18.364224271396147,8.822855216916793,6.200880284552945,18.859887295434664,20.53167635170147,1.082835952364542,323
MOVRUSDT,1h,long_th60_base_vm1.5_atr0.05_tp0.05_sl0.08_t1440_wk2,long,60,base,1.5,0.05,0.05,0.08,1440,0.02,168.64285838711243,0.8019192929798136,0.8019192929798136,5.800686470718719,3.510577144479443,3.510577144479443,9.209466193995697,9.687876057488332,6.393116052936376,1.5092971879576011,19
MANAUSDT,1h,short_th40_wide_vm1.5_atr0.05_tp0.035_sl0.08_t1440_wk2,short,40,wide,1.5,0.05,0.035,0.08,1440,0.02,168.03242265672918,1.2427990937266653,6.833735241884886,-5.361735311243132,7.828475398331225,0.8693664473666374,4.776459471441097,44.26983329856489,20.157579835507985,1.2621987914108435,98
MANAUSDT,1h,short_th40_wide_vm1.5_atr0.025_tp0.035_sl0.08_t1440_wk2,short,40,wide,1.5,0.025,0.035,0.08,1440,0.02,168.03242265672918,1.2427990937266653,6.833735241884886,-5.361735311243132,7.828475398331225,0.8693664473666374,4.776459471441097,44.26983329856489,20.157579835508,1.2621987914108437,98
MANAUSDT,1h,short_th40_wide_vm1.5_atr0.025_tp0.02_sl0.05_t1440_wk2,short,40,wide,1.5,0.025,0.02,0.05,1440,0.02,166.25690667541534,1.2427990937266653,6.9899720548847855,0.053153938794059385,9.484938097423324,2.969822480445994,3.4668784205745373,19.905969484949402,21.257679793020724,1.133462611719341,117
MANAUSDT,1h,short_th40_wide_vm1.5_atr0.05_tp0.02_sl0.05_t1440_wk2,short,40,wide,1.5,0.05,0.02,0.05,1440,0.02,166.25690667541534,1.2427990937266653,6.9899720548847855,0.053153938794059385,9.484938097423324,2.969822480445994,3.4668784205745595,19.905969484949402,21.257679793020724,1.133462611719341,117
SANDUSDT,1h,short_th60_base_vm1.5_atr0.025_tp0.05_sl0.08_t2880_wk2,short,60,base,1.5,0.025,0.05,0.08,2880,0.02,163.97800917109038,0.0,0.0,-9.775469738463304,-9.321320072157013,2.3561800713294057,6.219131928670829,55.220614601402396,13.000823210060569,1.5986314259697127,42
SANDUSDT,1h,short_th60_base_vm1.5_atr0.05_tp0.05_sl0.08_t2880_wk2,short,60,base,1.5,0.05,0.05,0.08,2880,0.02,163.97800917109038,0.0,0.0,-9.775469738463304,-9.321320072157013,2.3561800713294057,6.219131928670829,55.220614601402396,13.000823210060569,1.5986314259697127,42
SANDUSDT,5m,short_th60_wide_vm1.5_atr0.025_tp0.02_sl0.04_t720_wk0,short,60,wide,1.5,0.025,0.02,0.04,720,,163.1702359159553,0.0,9.885019472150569,-5.819981462117996,2.8311146116619668,-0.6711492918969109,34.8892718708264,56.77160127523471,21.60328547128773,1.0849515843240027,569
SANDUSDT,5m,short_th60_wide_vm1.5_atr0.05_tp0.02_sl0.04_t720_wk0,short,60,wide,1.5,0.05,0.02,0.04,720,,163.1702359159553,0.0,9.885019472150569,-5.819981462117996,2.8311146116619668,-0.6711492918969109,34.8892718708264,56.77160127523471,21.60328547128773,1.0849515843240027,569
MANAUSDT,1h,short_th40_wide_vm1.5_atr0.05_tp0.035_sl0.05_t1440_wk2,short,40,wide,1.5,0.05,0.035,0.05,1440,0.02,162.81857775882267,1.2427990937266653,6.833735241884886,-5.361735311243132,7.828475398331225,2.4106882323434498,6.140519529949273,37.525994178940046,19.592888114867037,1.2195494229771129,102
MANAUSDT,1h,short_th40_wide_vm1.5_atr0.025_tp0.035_sl0.05_t1440_wk2,short,40,wide,1.5,0.025,0.035,0.05,1440,0.02,162.81857775882267,1.2427990937266653,6.833735241884886,-5.361735311243132,7.828475398331225,2.4106882323434498,6.140519529949273,37.525994178940024,19.592888114867037,1.2195494229771129,102
MOVRUSDT,1h,short_th40_base_vm1.5_atr0.05_tp0.035_sl0.05_t1440_wk2,short,40,base,1.5,0.05,0.035,0.05,1440,0.02,159.02532966013433,-0.7814442778610764,-0.7814442778610764,0.6382584632879995,2.080141963434956,9.267772624667824,-8.723163134064361,30.646116181704564,16.46499725086431,1.2358897937239166,76
CHZUSDT,5m,short_th60_wide_vm1.5_atr0.025_tp0.02_sl0.04_t720_wk2,short,60,wide,1.5,0.025,0.02,0.04,720,0.02,155.63249250526647,1.3082024715719953,-2.1596158432000134,-7.862040657127556,18.782462956698566,6.2030974782058435,1.1063827778486246,23.549769674226194,14.01813845975125,1.1074617236980329,222
CHZUSDT,5m,short_th60_wide_vm1.5_atr0.05_tp0.02_sl0.04_t720_wk2,short,60,wide,1.5,0.05,0.02,0.04,720,0.02,155.63249250526647,1.3082024715719953,-2.1596158432000134,-7.862040657127556,18.782462956698566,6.2030974782058435,1.1063827778486246,23.549769674226194,14.01813845975125,1.1074617236980329,222
RIFUSDT,1h,long_th60_base_vm1.5_atr0.025_tp0.02_sl0.08_t1440_wk0,long,60,base,1.5,0.025,0.02,0.08,1440,,152.2654533837843,0.0,0.0,-1.4226661441137378,1.484166187001823,3.4728499076022823,12.172398131593898,6.22126180095246,9.748519618676486,1.1502744537066598,46
RIFUSDT,1h,long_th60_base_vm1.5_atr0.05_tp0.02_sl0.08_t1440_wk0,long,60,base,1.5,0.05,0.02,0.08,1440,,152.2654533837843,0.0,0.0,-1.4226661441137378,1.484166187001823,3.4728499076022823,12.172398131593898,6.22126180095246,9.748519618676486,1.1502744537066598,46
ANKRUSDT,5m,long_th60_wide_vm1.5_atr0.025_tp0.01_sl0.04_t360_wk2,long,60,wide,1.5,0.025,0.01,0.04,360,0.02,151.68567496876366,0.0,0.0,-2.123116561114058,11.489271728566997,7.7849573498235625,12.337341171174465,16.89051247697293,16.206600058728014,1.0814188758875283,346
ANKRUSDT,5m,long_th60_wide_vm1.5_atr0.05_tp0.01_sl0.04_t360_wk2,long,60,wide,1.5,0.05,0.01,0.04,360,0.02,151.68567496876366,0.0,0.0,-2.123116561114058,11.489271728566997,7.7849573498235625,12.337341171174465,16.89051247697293,16.206600058728014,1.0814188758875283,346
ANKRUSDT,5m,long_th60_wide_vm1.5_atr0.025_tp0.01_sl0.06_t360_wk2,long,60,wide,1.5,0.025,0.01,0.06,360,0.02,148.51629405502194,0.0,0.0,-0.14861513435975304,14.13131257754121,7.668040515313179,15.208761169003582,17.826423947206926,19.496702869486533,1.0862221566712986,348
ANKRUSDT,5m,long_th60_wide_vm1.5_atr0.05_tp0.01_sl0.06_t360_wk2,long,60,wide,1.5,0.05,0.01,0.06,360,0.02,148.51629405502194,0.0,0.0,-0.14861513435975304,14.13131257754121,7.668040515313179,15.208761169003582,17.826423947206926,19.496702869486533,1.0862221566712986,348
RIFUSDT,5m,short_th60_base_vm1.5_atr0.025_tp0.01_sl0.06_t720_wk0,short,60,base,1.5,0.025,0.01,0.06,720,,145.18100427518954,4.15061136599455,-2.1413353678479186,-6.559950555460913,-4.177106365956817,0.7192244015649774,7.64158363495524,48.75866513700373,20.631804107834053,1.1006088663249811,594
RIFUSDT,5m,short_th60_base_vm1.5_atr0.05_tp0.01_sl0.06_t720_wk0,short,60,base,1.5,0.05,0.01,0.06,720,,145.18100427518954,4.15061136599455,-2.1413353678479186,-6.559950555460913,-4.177106365956817,0.7192244015649774,7.64158363495524,48.75866513700373,20.631804107834053,1.1006088663249811,594
MOVRUSDT,1h,short_th50_wide_vm1.5_atr0.05_tp0.035_sl0.05_t1440_wk2,short,50,wide,1.5,0.05,0.035,0.05,1440,0.02,139.2949919929677,-0.7814442778610764,-0.7814442778610764,-6.2890790815906765,-9.655250571108986,0.05277883041621134,-5.39460811570277,57.90554769242136,14.144910043194603,1.3887768806743253,86
MOVRUSDT,1h,short_th50_wide_vm1.5_atr0.025_tp0.035_sl0.05_t1440_wk2,short,50,wide,1.5,0.025,0.035,0.05,1440,0.02,133.58768665583733,-0.7814442778610764,-0.7814442778610764,-6.2890790815906765,-9.655250571108986,0.05277883041621134,-5.39460811570277,52.62369932971773,14.144910043194628,1.3604130823792133,85
MOVRUSDT,5m,short_th60_base_vm1.5_atr0.025_tp0.03_sl0.06_t720_wk0,short,60,base,1.5,0.025,0.03,0.06,720,,133.03879486368734,2.960600000000002,-7.830182098670157,-20.54752212219706,-16.930111405414962,-0.5480666987280669,19.012271202387154,74.73328614215238,28.698367687163444,1.1157168261639328,421
MANAUSDT,1h,short_th40_wide_vm1.5_atr0.05_tp0.05_sl0.05_t1440_wk2,short,40,wide,1.5,0.05,0.05,0.05,1440,0.02,120.56565013270637,1.2427990937266653,8.382948160252933,-3.989370843261175,9.492436625588896,2.9784077891948257,-3.188923481042183,26.846586924336968,20.727930270051235,1.1612835497018492,93
MANAUSDT,1h,short_th40_wide_vm1.5_atr0.025_tp0.05_sl0.05_t1440_wk2,short,40,wide,1.5,0.025,0.05,0.05,1440,0.02,120.56565013270631,1.2427990937266653,8.382948160252933,-3.989370843261175,9.492436625588896,2.9784077891948257,-3.188923481042205,26.846586924336947,20.72793027005125,1.1612835497018488,93
RIFUSDT,1h,short_th40_base_vm1.5_atr0.025_tp0.035_sl0.05_t1440_wk0,short,40,base,1.5,0.025,0.035,0.05,1440,,109.17342345564543,3.4607000000000054,3.4607000000000054,-1.8437307974098038,-7.803529296791845,4.332065311848909,-5.279269943146259,38.010262143116805,19.461015648811124,1.1675580530006535,146
CHZUSDT,5m,long_th50_base_vm1.5_atr0.025_tp0.02_sl0.06_t360_wk2,long,50,base,1.5,0.025,0.02,0.06,360,0.02,107.59791777821903,-2.552997221356623,-5.701167022592513,-6.307140331033012,-1.4313452102520108,-3.4916855028683913,34.014088347841856,27.63263619563052,21.981241448446077,1.1349367628016551,248
CHZUSDT,5m,long_th50_base_vm1.5_atr0.05_tp0.02_sl0.06_t360_wk2,long,50,base,1.5,0.05,0.02,0.06,360,0.02,107.59791777821903,-2.552997221356623,-5.701167022592513,-6.307140331033012,-1.4313452102520108,-3.4916855028683913,34.014088347841856,27.63263619563052,21.981241448446077,1.1349367628016551,248
MOVRUSDT,1h,short_th50_wide_vm1.5_atr0.05_tp0.035_sl0.05_t2880_wk2,short,50,wide,1.5,0.05,0.035,0.05,2880,0.02,103.65758258971397,-0.7814442778610764,-0.7814442778610764,-7.436327234815732,-9.427415111521897,0.30509643594276437,-6.79424542035375,33.997400885644005,14.373459598392127,1.2228078317639302,72
MOVRUSDT,1h,short_th50_wide_vm1.5_atr0.05_tp0.05_sl0.05_t1440_wk2,short,50,wide,1.5,0.05,0.05,0.05,1440,0.02,102.4443212374963,-0.7814442778610764,-0.7814442778610764,-6.3218482244271845,-11.004359873866221,-1.3964670398156076,-5.5976973568690696,49.78599448428713,15.609646933181361,1.3562587042379302,81
MOVRUSDT,5m,short_th60_base_vm1.5_atr0.05_tp0.03_sl0.06_t720_wk0,short,60,base,1.5,0.05,0.03,0.06,720,,100.15370941431942,2.960600000000002,-7.830182098670157,-20.54752212219706,-16.930111405414962,-0.5480666987280669,19.012271202387154,50.418035333674574,33.193441603003954,1.0838033866721226,419
RIFUSDT,1h,short_th40_base_vm1.5_atr0.05_tp0.035_sl0.05_t1440_wk0,short,40,base,1.5,0.05,0.035,0.05,1440,,99.58648621970084,3.4607000000000054,3.4607000000000054,-1.8437307974098038,-7.803529296791845,4.332065311848909,-10.054141945312267,31.053164828482217,19.461015648811152,1.135481551644971,147
MOVRUSDT,1h,short_th50_wide_vm1.5_atr0.025_tp0.035_sl0.05_t2880_wk2,short,50,wide,1.5,0.025,0.035,0.05,2880,0.02,98.7867727801754,-0.7814442778610764,-0.7814442778610764,-7.436327234815732,-9.427415111521897,0.30509643594276437,-6.79424542035375,29.515266072667213,14.373459598392127,1.1968961653264771,71
MOVRUSDT,1h,short_th50_wide_vm1.5_atr0.025_tp0.05_sl0.05_t1440_wk2,short,50,wide,1.5,0.025,0.05,0.05,1440,0.02,94.73161912156743,-0.7814442778610764,-0.7814442778610764,-6.3218482244271845,-11.004359873866221,-1.3964670398156076,-5.5976973568690696,42.70633328978113,15.609646933181361,1.3140559761430723,80
RIFUSDT,1h,short_th40_base_vm1.5_atr0.025_tp0.035_sl0.05_t1440_wk2,short,40,base,1.5,0.025,0.035,0.05,1440,0.02,90.47080486030555,3.4607000000000054,3.4607000000000054,5.701175897252075,-0.5791275513078009,-4.998777882307737,-10.534300729591827,22.697575869055385,19.100098827522814,1.1478746995734828,103
RIFUSDT,1h,short_th50_base_vm1.5_atr0.05_tp0.035_sl0.05_t2880_wk2,short,50,base,1.5,0.05,0.035,0.05,2880,0.02,85.87079541290723,0.0,0.0,1.6589515266881572,-3.5992836742399503,-0.4011839743508605,-7.717929536314738,13.678734486739042,17.35216389827057,1.108313382916507,70
RIFUSDT,1h,short_th40_base_vm1.5_atr0.05_tp0.035_sl0.05_t1440_wk2,short,40,base,1.5,0.05,0.035,0.05,1440,0.02,79.75239839465638,3.4607000000000054,3.4607000000000054,5.701175897252075,-0.5791275513078009,-4.998777882307737,-15.04426662981312,16.512391069496267,20.13166354705762,1.104746665184962,104
MOVRUSDT,5m,short_th60_wide_vm1.5_atr0.025_tp0.03_sl0.06_t720_wk0,short,60,wide,1.5,0.025,0.03,0.06,720,,61.20222686191576,2.960600000000002,-9.688605499576475,-22.902620814189532,-24.162929219802887,4.958102599307512,-3.371496972559418,27.01871594020644,36.60684843715138,1.038888736001553,510
MOVRUSDT,5m,short_th60_wide_vm1.5_atr0.05_tp0.03_sl0.06_t720_wk0,short,60,wide,1.5,0.05,0.03,0.06,720,,61.20222686191576,2.960600000000002,-9.688605499576475,-22.902620814189532,-24.162929219802887,4.958102599307512,-3.371496972559418,27.01871594020644,36.60684843715138,1.038888736001553,510
MOVRUSDT,5m,short_th60_base_vm1.5_atr0.05_tp0.02_sl0.06_t720_wk0,short,60,base,1.5,0.05,0.02,0.06,720,,60.460395697241786,1.9603999999999955,-1.4067433465568269,-17.387057455091337,-19.69584016087763,-14.153928621208722,4.965223938718544,18.82659309494661,31.568020366227085,1.0348351913517648,470
RIFUSDT,1h,short_th50_base_vm1.5_atr0.025_tp0.035_sl0.05_t2880_wk2,short,50,base,1.5,0.025,0.035,0.05,2880,0.02,55.11152695525881,0.0,0.0,-2.844823292012666,-7.870104021808666,-4.813689049921843,-7.124424642060512,14.409850346531726,19.70334879003705,1.1179795006797884,68
MOVRUSDT,5m,short_th60_base_vm1.5_atr0.05_tp0.02_sl0.06_t720_wk2,short,60,base,1.5,0.05,0.02,0.06,720,0.02,42.229067461201375,1.9603999999999955,-5.161614742009069,-9.692136666917307,-7.754675386167831,-3.2169840301203623,-0.42188552581099437,1.7846725210764802,19.96525673301702,1.0080456082294618,215
MOVRUSDT,5m,short_th60_wide_vm1.5_atr0.025_tp0.02_sl0.04_t720_wk2,short,60,wide,1.5,0.025,0.02,0.04,720,0.02,30.273102550270657,-4.0408,-4.0408,-11.897354034444929,-8.953038691572047,-12.824158126835671,-16.428256614961413,3.8269357589399977,21.636959937318704,1.0165469338827118,202
MOVRUSDT,5m,short_th60_wide_vm1.5_atr0.05_tp0.02_sl0.04_t720_wk2,short,60,wide,1.5,0.05,0.02,0.04,720,0.02,30.273102550270657,-4.0408,-4.0408,-11.897354034444929,-8.953038691572047,-12.824158126835671,-16.428256614961413,3.8269357589399977,21.636959937318704,1.0165469338827118,202
